<?xml version="1.0" encoding="utf-8"?>

<offers>
<offer id="64" available="true">
<url>
http://him-kazan.ru/katalog/hlorsoderzhashchie-preparaty/hloramin/hloramin-b-kristallicheskiy
</url>
<price>300</price>
<pack>15 кг</pack>
<currencyId>RUR</currencyId>
<categoryId>53</categoryId>
<picture>
http://him-kazan.ru/images/product/hlor/hloramin_b_cristall.jpg
</picture>
<delivery>true</delivery>
<name>
Хлорамин Б (Китай) кристаллический (50 пакетиков по 300 гр)
</name>
<description>
Хлорамин Б – препарат для обработки поверхностей, мебели, посуды и др. Приобрести его по выгодным ценам с доставкой в «АКВАХИМ» по тел.: 8-800-333-26-25.
</description>
</offer>
<offer id="74" available="true">
<url>
http://him-kazan.ru/katalog/hlorsoderzhashchie-preparaty/gipoxlorit-kalcziya/dvuhosnovnaya-sol-gipohlorita-kalciya
</url>
<price>92</price>
<pack>50 кг</pack>
<currencyId>RUR</currencyId>
<categoryId>52</categoryId>
<picture>
http://him-kazan.ru/images/product/hlor/dvuhosnovnaya-sol-gipohlorita-kalciya.jpg
</picture>
<delivery>true</delivery>
<name>Двухосновная соль гипохлорита кальция</name>
<description>
ДСГК – белый кристаллический порошок с широкой сферой применения. Приобрести его по доступной цене предлагаем в «АКВАХИМ» по тел.: 8-800-333-26-25.
</description>
</offer>
<offer id="177" available="true">
<url>
http://him-kazan.ru/katalog/hlorsoderzhashchie-preparaty/gipoxlorit-kalcziya/gipohlorit-kalciya-45
</url>
<price>78</price>
<pack>50 кг</pack>
<currencyId>RUR</currencyId>
<categoryId>52</categoryId>
<picture>
http://him-kazan.ru/images/product/gipokhlorit_kaltsiya_45-min.jpeg
</picture>
<delivery>true</delivery>
<name>Гипохлорит Кальция 45% (Китай)</name>
<description>
Препарат широко применяется для дезинфекции, дегазации и отбеливания. Заказать его по доступной цене фасовкой от 50 кг в «АКВАХИМ» по тел: 8-800-333-26-25.
</description>
</offer>
<offer id="179" available="true">
<url>
http://him-kazan.ru/katalog/hlorsoderzhashchie-preparaty/gipoxlorit-natriya/gipohlorit-natriya-dlya-basseynov
</url>
<price></price>
<pack>40 кг</pack>
<currencyId>RUR</currencyId>
<categoryId>176</categoryId>
<picture>
http://him-kazan.ru/images/product/hlor/gipohlorit.jpg
</picture>
<delivery>true</delivery>
<name>Гипохлорит Натрия (для бассейнов)</name>
<description>
Гипохлорит натрия – препарат для дезинфекции воды в плавательных бассейнах. Приобрести по доступной цене в «АКВАХИМ» с доставкой по тел.: 8-800-333-26-25.
</description>
</offer>
<offer id="180" available="true">
<url>
http://him-kazan.ru/katalog/hlorsoderzhashchie-preparaty/gipoxlorit-natriya/gipohlorit-natriya-marki-a-po-gost
</url>
<price></price>
<pack>40 кг</pack>
<currencyId>RUR</currencyId>
<categoryId>176</categoryId>
<picture>
http://him-kazan.ru/images/product/hlor/gipohlorit.jpg
</picture>
<delivery>true</delivery>
<name>Гипохлорит Натрия марки А по ГОСТ 11086-76</name>
<description>
Гипохлорит натрия марки А – средство для дезинфекции бытовых, сточных и питьевых вод. Купить его в «АКВАХИМ» недорого с доставкой по тел.: 8-800-333-26-25.
</description>
</offer>
<offer id="183" available="true">
<url>
http://him-kazan.ru/katalog/hlorsoderzhashchie-preparaty/hloramin/hloramin-b-poroshok
</url>
<price>179</price>
<pack>15 кг</pack>
<currencyId>RUR</currencyId>
<categoryId>53</categoryId>
<picture>
http://him-kazan.ru/images/product/hlor/hloramin-b.jpg
</picture>
<delivery>true</delivery>
<name>
Хлорамин Б (Китай) порошок (50 пакетиков по 300 гр)
</name>
<description>
Хлорамин Б – средство для обработки мебели, посуды, поверхностей и др. Купить его по доступным ценам с доставкой в «АКВАХИМ» по тел.: 8-800-333-26-25.
</description>
</offer>
<offer id="222" available="true">
<url>
http://him-kazan.ru/katalog/hlorsoderzhashchie-preparaty/hlornaya-izvest/hlornaya-izvest-tatsorb
</url>
<price>47</price>
<pack>20 кг</pack>
<currencyId>RUR</currencyId>
<categoryId>439</categoryId>
<picture>
http://him-kazan.ru/images/product/hlor/hlornaya-izvest-tatsorb.jpg
</picture>
<delivery>true</delivery>
<name>Хлорная известь (Россия ТАТСОРБ)</name>
<description>
«Хлорка» – средство, используемое для отбеливания, дегазации и дезинфекции. Купить его по доступной цене фасовкой 20 кг в «АКВАХИМ» по т.: 8-800-333-26-25.
</description>
</offer>
<offer id="329" available="true">
<url>
http://him-kazan.ru/katalog/hlorsoderzhashchie-preparaty/xlor-v-tabletkax/zhavilar-effekt-377-tabl-po-266-g-xlor-v-tabletkax
</url>
<price>300</price>
<pack>1 банка</pack>
<currencyId>RUR</currencyId>
<categoryId>372</categoryId>
<picture>
http://him-kazan.ru/images/product/hlor/zhavilar-effect.jpg
</picture>
<delivery>true</delivery>
<name>
Жавилар Эффект (375 табл. по 2,66 г), хлор в таблетках
</name>
<description></description>
</offer>
<offer id="373" available="true">
<url>
http://him-kazan.ru/katalog/hlorsoderzhashchie-preparaty/xlor-v-tabletkax/zhavilar-effekt-300-tabl-po-266-g-xlor-v-tabletkax
</url>
<price>280</price>
<pack>1 банка</pack>
<currencyId>RUR</currencyId>
<categoryId>372</categoryId>
<picture>
http://him-kazan.ru/images/product/hlor/zhavilar-effect.jpg
</picture>
<delivery>true</delivery>
<name>
Жавилар Эффект (300 табл. по 2,66 г), хлор в таблетках
</name>
<description>
Жавилар эффект – таблетки для текущей, профилактической и заключительной дезинфекции в различных учреждениях. Купить недорого по тел.: 8-800-333-26-25.
</description>
</offer>
<offer id="374" available="true">
<url>
http://him-kazan.ru/katalog/hlorsoderzhashchie-preparaty/xlor-v-tabletkax/zhavilar-plyus-300-tabl-po-333-g-xlor-v-tabletkax
</url>
<price>300</price>
<pack>1 банка</pack>
<currencyId>RUR</currencyId>
<categoryId>372</categoryId>
<picture>
http://him-kazan.ru/images/product/hlor/zhavilar-plus.jpg
</picture>
<delivery>true</delivery>
<name>
Жавилар Плюс (300 табл. по 3,33 г), хлор в таблетках
</name>
<description>
Жавилар Плюс – препарат для дезинфекции в медицинских, детских учреждениях, в общепитах и др. Купить его недорого в «АКВАХИМ» по тел.: 8-800-333-26-25.
</description>
</offer>
<offer id="375" available="true">
<url>
http://him-kazan.ru/katalog/hlorsoderzhashchie-preparaty/xlor-v-tabletkax/di-xlor-300-tabl.-po-333-g-xlor-v-tabletkax
</url>
<price>300</price>
<pack>1 банка</pack>
<currencyId>RUR</currencyId>
<categoryId>372</categoryId>
<picture>
http://him-kazan.ru/images/product/hlor/di-hlor.jpg
</picture>
<delivery>true</delivery>
<name>Ди-Хлор (300 табл. по 3,33 г), хлор в таблетках</name>
<description>
Дихлор – средства для обеззараживания объектов от особо опасных инфекций, вирусов, бактерий и др. Купить его недорого в «АКВАХИМ» по тел.: 8-800-333-26-25.
</description>
</offer>
<offer id="440" available="true">
<url>
http://him-kazan.ru/katalog/hlorsoderzhashchie-preparaty/hlornaya-izvest/hlornaya-izvest-fasovka-pakety-kitay
</url>
<price>53</price>
<pack>21 кг</pack>
<currencyId>RUR</currencyId>
<categoryId>439</categoryId>
<picture>
http://him-kazan.ru/images/product/hlor/hlornaya-izvest-1.jpg
</picture>
<delivery>true</delivery>
<name>Хлорная известь (14 пакетов по 1,5 кг) (Китай)</name>
<description>
Хлорная известь – белый порошок для дегазации, дезинфекции и отбеливания. Купить по доступной цене фасовкой по 1,5 кг в «АКВАХИМ» по тел.: 8-800-333-26-25.
</description>
</offer>
<offer id="441" available="true">
<url>
http://him-kazan.ru/katalog/hlorsoderzhashchie-preparaty/hlornaya-izvest/hlornaya-izvest-kitay
</url>
<price>47</price>
<pack>20 кг</pack>
<currencyId>RUR</currencyId>
<categoryId>439</categoryId>
<picture>
http://him-kazan.ru/images/product/hlor/hlornaya-izvest-1.jpg
</picture>
<delivery>true</delivery>
<name>Хлорная известь (Китай)</name>
<description>
«Хлорка» – препарат для дегазации, отбеливания и обеззараживания. Приобрести его по выгодной цене фасовкой 20 кг в «АКВАХИМ» по тел.: 8-800-333-26-25.
</description>
</offer>
<offer id="442" available="true">
<url>
http://him-kazan.ru/katalog/hlorsoderzhashchie-preparaty/hlornaya-izvest/hlornaya-izvest-fasovka-pakety-tatsorb
</url>
<price>49</price>
<pack>21 кг</pack>
<currencyId>RUR</currencyId>
<categoryId>439</categoryId>
<picture>
http://him-kazan.ru/images/product/hlor/hlornaya-izvest-tatsorb.jpg
</picture>
<delivery>true</delivery>
<name>
Хлорная известь (фасовка пакеты по 1,5 кг) (Россия ТАТСОРБ)
</name>
<description>
«Хлорка» – средство для отбеливания, дегазации и обеззараживания. Купить его по выгодной цене фасовкой по 1,5 кг в «АКВАХИМ» по тел.: 8-800-333-26-25.
</description>
</offer>
<offer id="478" available="true">
<url>
http://him-kazan.ru/katalog/hlorsoderzhashchie-preparaty/hlornaya-izvest/xlornaya-izvest-fasovka-paketyi-po-2-kg-rossiya-tatsorb
</url>
<price>53</price>
<pack>20 кг</pack>
<currencyId>RUR</currencyId>
<categoryId>439</categoryId>
<picture>
http://him-kazan.ru/images/product/hlor/hlornaya-izvest-tatsorb.jpg
</picture>
<delivery>true</delivery>
<name>
Хлорная известь (фасовка пакеты по 2 кг) (Россия ТАТСОРБ)
</name>
<description></description>
</offer>
<offer id="1666" available="true">
<url>
http://him-kazan.ru/katalog/hlorsoderzhashchie-preparaty/formalin/formalin-20
</url>
<price>40</price>
<pack>20 кг</pack>
<currencyId>RUR</currencyId>
<categoryId>1668</categoryId>
<picture>
http://him-kazan.ru/images/product/hlor/gipohlorit.jpg
</picture>
<delivery>true</delivery>
<name>Формалин</name>
<description></description>
</offer>
<offer id="1669" available="true">
<url>
http://him-kazan.ru/katalog/hlorsoderzhashchie-preparaty/formalin/formalin-230
</url>
<price>32</price>
<pack>230 кг</pack>
<currencyId>RUR</currencyId>
<categoryId>1668</categoryId>
<picture>http://him-kazan.ru/images/product/bochka.jpg</picture>
<delivery>true</delivery>
<name>Формалин</name>
<description></description>
</offer>
</offers>